Typhoon_ID,Time_Step,Relative_Path,Split
1,0,Output/Typhoon_1_3D.npz,Train
1,1,Output/Typhoon_1_3D.npz,Train
1,2,Output/Typhoon_1_3D.npz,Train
1,3,Output/Typhoon_1_3D.npz,Train
1,4,Output/Typhoon_1_3D.npz,Train
1,5,Output/Typhoon_1_3D.npz,Train
1,6,Output/Typhoon_1_3D.npz,Train
1,7,Output/Typhoon_1_3D.npz,Train
1,8,Output/Typhoon_1_3D.npz,Train
1,9,Output/Typhoon_1_3D.npz,Train
1,10,Output/Typhoon_1_3D.npz,Train
1,11,Output/Typhoon_1_3D.npz,Train
1,12,Output/Typhoon_1_3D.npz,Train
1,13,Output/Typhoon_1_3D.npz,Train
1,14,Output/Typhoon_1_3D.npz,Train
1,15,Output/Typhoon_1_3D.npz,Train
1,16,Output/Typhoon_1_3D.npz,Train
1,17,Output/Typhoon_1_3D.npz,Train
1,18,Output/Typhoon_1_3D.npz,Train
1,19,Output/Typhoon_1_3D.npz,Train
1,20,Output/Typhoon_1_3D.npz,Train
1,21,Output/Typhoon_1_3D.npz,Train
1,22,Output/Typhoon_1_3D.npz,Train
1,23,Output/Typhoon_1_3D.npz,Train
1,24,Output/Typhoon_1_3D.npz,Train
1,25,Output/Typhoon_1_3D.npz,Train
1,26,Output/Typhoon_1_3D.npz,Train
1,27,Output/Typhoon_1_3D.npz,Train
1,28,Output/Typhoon_1_3D.npz,Train
1,29,Output/Typhoon_1_3D.npz,Train
1,30,Output/Typhoon_1_3D.npz,Train
1,31,Output/Typhoon_1_3D.npz,Train
1,32,Output/Typhoon_1_3D.npz,Train
1,33,Output/Typhoon_1_3D.npz,Train
1,34,Output/Typhoon_1_3D.npz,Train
1,35,Output/Typhoon_1_3D.npz,Train
1,36,Output/Typhoon_1_3D.npz,Train
1,37,Output/Typhoon_1_3D.npz,Train
1,38,Output/Typhoon_1_3D.npz,Train
1,39,Output/Typhoon_1_3D.npz,Train
1,40,Output/Typhoon_1_3D.npz,Train
1,41,Output/Typhoon_1_3D.npz,Train
1,42,Output/Typhoon_1_3D.npz,Train
1,43,Output/Typhoon_1_3D.npz,Train
1,44,Output/Typhoon_1_3D.npz,Train
1,45,Output/Typhoon_1_3D.npz,Train
1,46,Output/Typhoon_1_3D.npz,Train
1,47,Output/Typhoon_1_3D.npz,Train
1,48,Output/Typhoon_1_3D.npz,Train
1,49,Output/Typhoon_1_3D.npz,Train
1,50,Output/Typhoon_1_3D.npz,Train
1,51,Output/Typhoon_1_3D.npz,Train
1,52,Output/Typhoon_1_3D.npz,Train
1,53,Output/Typhoon_1_3D.npz,Train
1,54,Output/Typhoon_1_3D.npz,Train
1,55,Output/Typhoon_1_3D.npz,Train
1,56,Output/Typhoon_1_3D.npz,Train
1,57,Output/Typhoon_1_3D.npz,Train
1,58,Output/Typhoon_1_3D.npz,Train
1,59,Output/Typhoon_1_3D.npz,Train
1,60,Output/Typhoon_1_3D.npz,Train
1,61,Output/Typhoon_1_3D.npz,Train
1,62,Output/Typhoon_1_3D.npz,Train
1,63,Output/Typhoon_1_3D.npz,Train
1,64,Output/Typhoon_1_3D.npz,Train
1,65,Output/Typhoon_1_3D.npz,Train
1,66,Output/Typhoon_1_3D.npz,Train
1,67,Output/Typhoon_1_3D.npz,Train
1,68,Output/Typhoon_1_3D.npz,Train
1,69,Output/Typhoon_1_3D.npz,Train
1,70,Output/Typhoon_1_3D.npz,Train
1,71,Output/Typhoon_1_3D.npz,Train
1,72,Output/Typhoon_1_3D.npz,Train
1,73,Output/Typhoon_1_3D.npz,Train
1,74,Output/Typhoon_1_3D.npz,Train
1,75,Output/Typhoon_1_3D.npz,Train
1,76,Output/Typhoon_1_3D.npz,Train
1,77,Output/Typhoon_1_3D.npz,Train
1,78,Output/Typhoon_1_3D.npz,Train
1,79,Output/Typhoon_1_3D.npz,Train
1,80,Output/Typhoon_1_3D.npz,Train
1,81,Output/Typhoon_1_3D.npz,Train
2,0,Output/Typhoon_2_3D.npz,Train
2,1,Output/Typhoon_2_3D.npz,Train
2,2,Output/Typhoon_2_3D.npz,Train
2,3,Output/Typhoon_2_3D.npz,Train
2,4,Output/Typhoon_2_3D.npz,Train
2,5,Output/Typhoon_2_3D.npz,Train
2,6,Output/Typhoon_2_3D.npz,Train
2,7,Output/Typhoon_2_3D.npz,Train
2,8,Output/Typhoon_2_3D.npz,Train
2,9,Output/Typhoon_2_3D.npz,Train
2,10,Output/Typhoon_2_3D.npz,Train
2,11,Output/Typhoon_2_3D.npz,Train
2,12,Output/Typhoon_2_3D.npz,Train
2,13,Output/Typhoon_2_3D.npz,Train
2,14,Output/Typhoon_2_3D.npz,Train
2,15,Output/Typhoon_2_3D.npz,Train
2,16,Output/Typhoon_2_3D.npz,Train
2,17,Output/Typhoon_2_3D.npz,Train
2,18,Output/Typhoon_2_3D.npz,Train
2,19,Output/Typhoon_2_3D.npz,Train
2,20,Output/Typhoon_2_3D.npz,Train
2,21,Output/Typhoon_2_3D.npz,Train
2,22,Output/Typhoon_2_3D.npz,Train
2,23,Output/Typhoon_2_3D.npz,Train
2,24,Output/Typhoon_2_3D.npz,Train
2,25,Output/Typhoon_2_3D.npz,Train
2,26,Output/Typhoon_2_3D.npz,Train
2,27,Output/Typhoon_2_3D.npz,Train
2,28,Output/Typhoon_2_3D.npz,Train
2,29,Output/Typhoon_2_3D.npz,Train
2,30,Output/Typhoon_2_3D.npz,Train
2,31,Output/Typhoon_2_3D.npz,Train
2,32,Output/Typhoon_2_3D.npz,Train
2,33,Output/Typhoon_2_3D.npz,Train
2,34,Output/Typhoon_2_3D.npz,Train
2,35,Output/Typhoon_2_3D.npz,Train
2,36,Output/Typhoon_2_3D.npz,Train
2,37,Output/Typhoon_2_3D.npz,Train
2,38,Output/Typhoon_2_3D.npz,Train
2,39,Output/Typhoon_2_3D.npz,Train
2,40,Output/Typhoon_2_3D.npz,Train
2,41,Output/Typhoon_2_3D.npz,Train
2,42,Output/Typhoon_2_3D.npz,Train
2,43,Output/Typhoon_2_3D.npz,Train
2,44,Output/Typhoon_2_3D.npz,Train
2,45,Output/Typhoon_2_3D.npz,Train
2,46,Output/Typhoon_2_3D.npz,Train
2,47,Output/Typhoon_2_3D.npz,Train
2,48,Output/Typhoon_2_3D.npz,Train
2,49,Output/Typhoon_2_3D.npz,Train
2,50,Output/Typhoon_2_3D.npz,Train
2,51,Output/Typhoon_2_3D.npz,Train
2,52,Output/Typhoon_2_3D.npz,Train
2,53,Output/Typhoon_2_3D.npz,Train
2,54,Output/Typhoon_2_3D.npz,Train
2,55,Output/Typhoon_2_3D.npz,Train
2,56,Output/Typhoon_2_3D.npz,Train
2,57,Output/Typhoon_2_3D.npz,Train
2,58,Output/Typhoon_2_3D.npz,Train
2,59,Output/Typhoon_2_3D.npz,Train
2,60,Output/Typhoon_2_3D.npz,Train
2,61,Output/Typhoon_2_3D.npz,Train
2,62,Output/Typhoon_2_3D.npz,Train
2,63,Output/Typhoon_2_3D.npz,Train
2,64,Output/Typhoon_2_3D.npz,Train
2,65,Output/Typhoon_2_3D.npz,Train
2,66,Output/Typhoon_2_3D.npz,Train
2,67,Output/Typhoon_2_3D.npz,Train
2,68,Output/Typhoon_2_3D.npz,Train
2,69,Output/Typhoon_2_3D.npz,Train
2,70,Output/Typhoon_2_3D.npz,Train
2,71,Output/Typhoon_2_3D.npz,Train
2,72,Output/Typhoon_2_3D.npz,Train
2,73,Output/Typhoon_2_3D.npz,Train
2,74,Output/Typhoon_2_3D.npz,Train
2,75,Output/Typhoon_2_3D.npz,Train
2,76,Output/Typhoon_2_3D.npz,Train
2,77,Output/Typhoon_2_3D.npz,Train
2,78,Output/Typhoon_2_3D.npz,Train
2,79,Output/Typhoon_2_3D.npz,Train
2,80,Output/Typhoon_2_3D.npz,Train
2,81,Output/Typhoon_2_3D.npz,Train
2,82,Output/Typhoon_2_3D.npz,Train
2,83,Output/Typhoon_2_3D.npz,Train
2,84,Output/Typhoon_2_3D.npz,Train
2,85,Output/Typhoon_2_3D.npz,Train
2,86,Output/Typhoon_2_3D.npz,Train
2,87,Output/Typhoon_2_3D.npz,Train
2,88,Output/Typhoon_2_3D.npz,Train
2,89,Output/Typhoon_2_3D.npz,Train
2,90,Output/Typhoon_2_3D.npz,Train
2,91,Output/Typhoon_2_3D.npz,Train
2,92,Output/Typhoon_2_3D.npz,Train
2,93,Output/Typhoon_2_3D.npz,Train
2,94,Output/Typhoon_2_3D.npz,Train
2,95,Output/Typhoon_2_3D.npz,Train
2,96,Output/Typhoon_2_3D.npz,Train
2,97,Output/Typhoon_2_3D.npz,Train
2,98,Output/Typhoon_2_3D.npz,Train
2,99,Output/Typhoon_2_3D.npz,Train
2,100,Output/Typhoon_2_3D.npz,Train
2,101,Output/Typhoon_2_3D.npz,Train
2,102,Output/Typhoon_2_3D.npz,Train
2,103,Output/Typhoon_2_3D.npz,Train
2,104,Output/Typhoon_2_3D.npz,Train
2,105,Output/Typhoon_2_3D.npz,Train
2,106,Output/Typhoon_2_3D.npz,Train
2,107,Output/Typhoon_2_3D.npz,Train
2,108,Output/Typhoon_2_3D.npz,Train
2,109,Output/Typhoon_2_3D.npz,Train
2,110,Output/Typhoon_2_3D.npz,Train
2,111,Output/Typhoon_2_3D.npz,Train
2,112,Output/Typhoon_2_3D.npz,Train
2,113,Output/Typhoon_2_3D.npz,Train
2,114,Output/Typhoon_2_3D.npz,Train
3,0,Output/Typhoon_3_3D.npz,Train
3,1,Output/Typhoon_3_3D.npz,Train
3,2,Output/Typhoon_3_3D.npz,Train
3,3,Output/Typhoon_3_3D.npz,Train
3,4,Output/Typhoon_3_3D.npz,Train
3,5,Output/Typhoon_3_3D.npz,Train
3,6,Output/Typhoon_3_3D.npz,Train
3,7,Output/Typhoon_3_3D.npz,Train
3,8,Output/Typhoon_3_3D.npz,Train
3,9,Output/Typhoon_3_3D.npz,Train
3,10,Output/Typhoon_3_3D.npz,Train
3,11,Output/Typhoon_3_3D.npz,Train
3,12,Output/Typhoon_3_3D.npz,Train
3,13,Output/Typhoon_3_3D.npz,Train
3,14,Output/Typhoon_3_3D.npz,Train
3,15,Output/Typhoon_3_3D.npz,Train
3,16,Output/Typhoon_3_3D.npz,Train
3,17,Output/Typhoon_3_3D.npz,Train
3,18,Output/Typhoon_3_3D.npz,Train
3,19,Output/Typhoon_3_3D.npz,Train
3,20,Output/Typhoon_3_3D.npz,Train
3,21,Output/Typhoon_3_3D.npz,Train
3,22,Output/Typhoon_3_3D.npz,Train
3,23,Output/Typhoon_3_3D.npz,Train
3,24,Output/Typhoon_3_3D.npz,Train
3,25,Output/Typhoon_3_3D.npz,Train
3,26,Output/Typhoon_3_3D.npz,Train
3,27,Output/Typhoon_3_3D.npz,Train
3,28,Output/Typhoon_3_3D.npz,Train
3,29,Output/Typhoon_3_3D.npz,Train
3,30,Output/Typhoon_3_3D.npz,Train
3,31,Output/Typhoon_3_3D.npz,Train
3,32,Output/Typhoon_3_3D.npz,Train
3,33,Output/Typhoon_3_3D.npz,Train
3,34,Output/Typhoon_3_3D.npz,Train
3,35,Output/Typhoon_3_3D.npz,Train
3,36,Output/Typhoon_3_3D.npz,Train
3,37,Output/Typhoon_3_3D.npz,Train
3,38,Output/Typhoon_3_3D.npz,Train
3,39,Output/Typhoon_3_3D.npz,Train
3,40,Output/Typhoon_3_3D.npz,Train
3,41,Output/Typhoon_3_3D.npz,Train
3,42,Output/Typhoon_3_3D.npz,Train
3,43,Output/Typhoon_3_3D.npz,Train
3,44,Output/Typhoon_3_3D.npz,Train
3,45,Output/Typhoon_3_3D.npz,Train
3,46,Output/Typhoon_3_3D.npz,Train
3,47,Output/Typhoon_3_3D.npz,Train
3,48,Output/Typhoon_3_3D.npz,Train
3,49,Output/Typhoon_3_3D.npz,Train
3,50,Output/Typhoon_3_3D.npz,Train
3,51,Output/Typhoon_3_3D.npz,Train
3,52,Output/Typhoon_3_3D.npz,Train
3,53,Output/Typhoon_3_3D.npz,Train
3,54,Output/Typhoon_3_3D.npz,Train
3,55,Output/Typhoon_3_3D.npz,Train
3,56,Output/Typhoon_3_3D.npz,Train
3,57,Output/Typhoon_3_3D.npz,Train
3,58,Output/Typhoon_3_3D.npz,Train
3,59,Output/Typhoon_3_3D.npz,Train
3,60,Output/Typhoon_3_3D.npz,Train
3,61,Output/Typhoon_3_3D.npz,Train
3,62,Output/Typhoon_3_3D.npz,Train
3,63,Output/Typhoon_3_3D.npz,Train
3,64,Output/Typhoon_3_3D.npz,Train
3,65,Output/Typhoon_3_3D.npz,Train
3,66,Output/Typhoon_3_3D.npz,Train
3,67,Output/Typhoon_3_3D.npz,Train
3,68,Output/Typhoon_3_3D.npz,Train
3,69,Output/Typhoon_3_3D.npz,Train
3,70,Output/Typhoon_3_3D.npz,Train
3,71,Output/Typhoon_3_3D.npz,Train
3,72,Output/Typhoon_3_3D.npz,Train
3,73,Output/Typhoon_3_3D.npz,Train
3,74,Output/Typhoon_3_3D.npz,Train
3,75,Output/Typhoon_3_3D.npz,Train
3,76,Output/Typhoon_3_3D.npz,Train
3,77,Output/Typhoon_3_3D.npz,Train
3,78,Output/Typhoon_3_3D.npz,Train
3,79,Output/Typhoon_3_3D.npz,Train
3,80,Output/Typhoon_3_3D.npz,Train
3,81,Output/Typhoon_3_3D.npz,Train
3,82,Output/Typhoon_3_3D.npz,Train
3,83,Output/Typhoon_3_3D.npz,Train
3,84,Output/Typhoon_3_3D.npz,Train
4,0,Output/Typhoon_4_3D.npz,Train
4,1,Output/Typhoon_4_3D.npz,Train
4,2,Output/Typhoon_4_3D.npz,Train
4,3,Output/Typhoon_4_3D.npz,Train
4,4,Output/Typhoon_4_3D.npz,Train
4,5,Output/Typhoon_4_3D.npz,Train
4,6,Output/Typhoon_4_3D.npz,Train
4,7,Output/Typhoon_4_3D.npz,Train
4,8,Output/Typhoon_4_3D.npz,Train
4,9,Output/Typhoon_4_3D.npz,Train
4,10,Output/Typhoon_4_3D.npz,Train
4,11,Output/Typhoon_4_3D.npz,Train
4,12,Output/Typhoon_4_3D.npz,Train
4,13,Output/Typhoon_4_3D.npz,Train
4,14,Output/Typhoon_4_3D.npz,Train
4,15,Output/Typhoon_4_3D.npz,Train
4,16,Output/Typhoon_4_3D.npz,Train
4,17,Output/Typhoon_4_3D.npz,Train
4,18,Output/Typhoon_4_3D.npz,Train
4,19,Output/Typhoon_4_3D.npz,Train
4,20,Output/Typhoon_4_3D.npz,Train
4,21,Output/Typhoon_4_3D.npz,Train
4,22,Output/Typhoon_4_3D.npz,Train
4,23,Output/Typhoon_4_3D.npz,Train
4,24,Output/Typhoon_4_3D.npz,Train
4,25,Output/Typhoon_4_3D.npz,Train
4,26,Output/Typhoon_4_3D.npz,Train
4,27,Output/Typhoon_4_3D.npz,Train
4,28,Output/Typhoon_4_3D.npz,Train
4,29,Output/Typhoon_4_3D.npz,Train
4,30,Output/Typhoon_4_3D.npz,Train
4,31,Output/Typhoon_4_3D.npz,Train
4,32,Output/Typhoon_4_3D.npz,Train
4,33,Output/Typhoon_4_3D.npz,Train
4,34,Output/Typhoon_4_3D.npz,Train
4,35,Output/Typhoon_4_3D.npz,Train
4,36,Output/Typhoon_4_3D.npz,Train
4,37,Output/Typhoon_4_3D.npz,Train
4,38,Output/Typhoon_4_3D.npz,Train
4,39,Output/Typhoon_4_3D.npz,Train
4,40,Output/Typhoon_4_3D.npz,Train
4,41,Output/Typhoon_4_3D.npz,Train
4,42,Output/Typhoon_4_3D.npz,Train
4,43,Output/Typhoon_4_3D.npz,Train
4,44,Output/Typhoon_4_3D.npz,Train
4,45,Output/Typhoon_4_3D.npz,Train
4,46,Output/Typhoon_4_3D.npz,Train
4,47,Output/Typhoon_4_3D.npz,Train
4,48,Output/Typhoon_4_3D.npz,Train
4,49,Output/Typhoon_4_3D.npz,Train
4,50,Output/Typhoon_4_3D.npz,Train
4,51,Output/Typhoon_4_3D.npz,Train
4,52,Output/Typhoon_4_3D.npz,Train
4,53,Output/Typhoon_4_3D.npz,Train
4,54,Output/Typhoon_4_3D.npz,Train
4,55,Output/Typhoon_4_3D.npz,Train
4,56,Output/Typhoon_4_3D.npz,Train
4,57,Output/Typhoon_4_3D.npz,Train
4,58,Output/Typhoon_4_3D.npz,Train
4,59,Output/Typhoon_4_3D.npz,Train
4,60,Output/Typhoon_4_3D.npz,Train
4,61,Output/Typhoon_4_3D.npz,Train
4,62,Output/Typhoon_4_3D.npz,Train
4,63,Output/Typhoon_4_3D.npz,Train
4,64,Output/Typhoon_4_3D.npz,Train
4,65,Output/Typhoon_4_3D.npz,Train
4,66,Output/Typhoon_4_3D.npz,Train
4,67,Output/Typhoon_4_3D.npz,Train
4,68,Output/Typhoon_4_3D.npz,Train
4,69,Output/Typhoon_4_3D.npz,Train
4,70,Output/Typhoon_4_3D.npz,Train
4,71,Output/Typhoon_4_3D.npz,Train
4,72,Output/Typhoon_4_3D.npz,Train
4,73,Output/Typhoon_4_3D.npz,Train
4,74,Output/Typhoon_4_3D.npz,Train
4,75,Output/Typhoon_4_3D.npz,Train
4,76,Output/Typhoon_4_3D.npz,Train
4,77,Output/Typhoon_4_3D.npz,Train
4,78,Output/Typhoon_4_3D.npz,Train
4,79,Output/Typhoon_4_3D.npz,Train
4,80,Output/Typhoon_4_3D.npz,Train
4,81,Output/Typhoon_4_3D.npz,Train
4,82,Output/Typhoon_4_3D.npz,Train
4,83,Output/Typhoon_4_3D.npz,Train
4,84,Output/Typhoon_4_3D.npz,Train
4,85,Output/Typhoon_4_3D.npz,Train
4,86,Output/Typhoon_4_3D.npz,Train
4,87,Output/Typhoon_4_3D.npz,Train
4,88,Output/Typhoon_4_3D.npz,Train
4,89,Output/Typhoon_4_3D.npz,Train
4,90,Output/Typhoon_4_3D.npz,Train
4,91,Output/Typhoon_4_3D.npz,Train
4,92,Output/Typhoon_4_3D.npz,Train
4,93,Output/Typhoon_4_3D.npz,Train
4,94,Output/Typhoon_4_3D.npz,Train
4,95,Output/Typhoon_4_3D.npz,Train
4,96,Output/Typhoon_4_3D.npz,Train
4,97,Output/Typhoon_4_3D.npz,Train
4,98,Output/Typhoon_4_3D.npz,Train
4,99,Output/Typhoon_4_3D.npz,Train
4,100,Output/Typhoon_4_3D.npz,Train
4,101,Output/Typhoon_4_3D.npz,Train
4,102,Output/Typhoon_4_3D.npz,Train
4,103,Output/Typhoon_4_3D.npz,Train
4,104,Output/Typhoon_4_3D.npz,Train
4,105,Output/Typhoon_4_3D.npz,Train
4,106,Output/Typhoon_4_3D.npz,Train
4,107,Output/Typhoon_4_3D.npz,Train
4,108,Output/Typhoon_4_3D.npz,Train
4,109,Output/Typhoon_4_3D.npz,Train
4,110,Output/Typhoon_4_3D.npz,Train
4,111,Output/Typhoon_4_3D.npz,Train
4,112,Output/Typhoon_4_3D.npz,Train
4,113,Output/Typhoon_4_3D.npz,Train
4,114,Output/Typhoon_4_3D.npz,Train
4,115,Output/Typhoon_4_3D.npz,Train
4,116,Output/Typhoon_4_3D.npz,Train
4,117,Output/Typhoon_4_3D.npz,Train
4,118,Output/Typhoon_4_3D.npz,Train
4,119,Output/Typhoon_4_3D.npz,Train
4,120,Output/Typhoon_4_3D.npz,Train
4,121,Output/Typhoon_4_3D.npz,Train
4,122,Output/Typhoon_4_3D.npz,Train
4,123,Output/Typhoon_4_3D.npz,Train
4,124,Output/Typhoon_4_3D.npz,Train
4,125,Output/Typhoon_4_3D.npz,Train
4,126,Output/Typhoon_4_3D.npz,Train
5,0,Output/Typhoon_5_3D.npz,Train
5,1,Output/Typhoon_5_3D.npz,Train
5,2,Output/Typhoon_5_3D.npz,Train
5,3,Output/Typhoon_5_3D.npz,Train
5,4,Output/Typhoon_5_3D.npz,Train
5,5,Output/Typhoon_5_3D.npz,Train
5,6,Output/Typhoon_5_3D.npz,Train
5,7,Output/Typhoon_5_3D.npz,Train
5,8,Output/Typhoon_5_3D.npz,Train
5,9,Output/Typhoon_5_3D.npz,Train
5,10,Output/Typhoon_5_3D.npz,Train
5,11,Output/Typhoon_5_3D.npz,Train
5,12,Output/Typhoon_5_3D.npz,Train
5,13,Output/Typhoon_5_3D.npz,Train
5,14,Output/Typhoon_5_3D.npz,Train
5,15,Output/Typhoon_5_3D.npz,Train
5,16,Output/Typhoon_5_3D.npz,Train
5,17,Output/Typhoon_5_3D.npz,Train
5,18,Output/Typhoon_5_3D.npz,Train
5,19,Output/Typhoon_5_3D.npz,Train
5,20,Output/Typhoon_5_3D.npz,Train
5,21,Output/Typhoon_5_3D.npz,Train
5,22,Output/Typhoon_5_3D.npz,Train
5,23,Output/Typhoon_5_3D.npz,Train
5,24,Output/Typhoon_5_3D.npz,Train
5,25,Output/Typhoon_5_3D.npz,Train
5,26,Output/Typhoon_5_3D.npz,Train
5,27,Output/Typhoon_5_3D.npz,Train
5,28,Output/Typhoon_5_3D.npz,Train
5,29,Output/Typhoon_5_3D.npz,Train
5,30,Output/Typhoon_5_3D.npz,Train
5,31,Output/Typhoon_5_3D.npz,Train
5,32,Output/Typhoon_5_3D.npz,Train
5,33,Output/Typhoon_5_3D.npz,Train
5,34,Output/Typhoon_5_3D.npz,Train
5,35,Output/Typhoon_5_3D.npz,Train
5,36,Output/Typhoon_5_3D.npz,Train
5,37,Output/Typhoon_5_3D.npz,Train
5,38,Output/Typhoon_5_3D.npz,Train
5,39,Output/Typhoon_5_3D.npz,Train
5,40,Output/Typhoon_5_3D.npz,Train
5,41,Output/Typhoon_5_3D.npz,Train
5,42,Output/Typhoon_5_3D.npz,Train
5,43,Output/Typhoon_5_3D.npz,Train
5,44,Output/Typhoon_5_3D.npz,Train
5,45,Output/Typhoon_5_3D.npz,Train
5,46,Output/Typhoon_5_3D.npz,Train
5,47,Output/Typhoon_5_3D.npz,Train
5,48,Output/Typhoon_5_3D.npz,Train
5,49,Output/Typhoon_5_3D.npz,Train
5,50,Output/Typhoon_5_3D.npz,Train
5,51,Output/Typhoon_5_3D.npz,Train
5,52,Output/Typhoon_5_3D.npz,Train
5,53,Output/Typhoon_5_3D.npz,Train
5,54,Output/Typhoon_5_3D.npz,Train
5,55,Output/Typhoon_5_3D.npz,Train
5,56,Output/Typhoon_5_3D.npz,Train
5,57,Output/Typhoon_5_3D.npz,Train
5,58,Output/Typhoon_5_3D.npz,Train
5,59,Output/Typhoon_5_3D.npz,Train
5,60,Output/Typhoon_5_3D.npz,Train
5,61,Output/Typhoon_5_3D.npz,Train
5,62,Output/Typhoon_5_3D.npz,Train
5,63,Output/Typhoon_5_3D.npz,Train
5,64,Output/Typhoon_5_3D.npz,Train
5,65,Output/Typhoon_5_3D.npz,Train
5,66,Output/Typhoon_5_3D.npz,Train
5,67,Output/Typhoon_5_3D.npz,Train
5,68,Output/Typhoon_5_3D.npz,Train
5,69,Output/Typhoon_5_3D.npz,Train
5,70,Output/Typhoon_5_3D.npz,Train
5,71,Output/Typhoon_5_3D.npz,Train
5,72,Output/Typhoon_5_3D.npz,Train
5,73,Output/Typhoon_5_3D.npz,Train
5,74,Output/Typhoon_5_3D.npz,Train
5,75,Output/Typhoon_5_3D.npz,Train
5,76,Output/Typhoon_5_3D.npz,Train
5,77,Output/Typhoon_5_3D.npz,Train
5,78,Output/Typhoon_5_3D.npz,Train
5,79,Output/Typhoon_5_3D.npz,Train
5,80,Output/Typhoon_5_3D.npz,Train
5,81,Output/Typhoon_5_3D.npz,Train
5,82,Output/Typhoon_5_3D.npz,Train
5,83,Output/Typhoon_5_3D.npz,Train
5,84,Output/Typhoon_5_3D.npz,Train
5,85,Output/Typhoon_5_3D.npz,Train
5,86,Output/Typhoon_5_3D.npz,Train
5,87,Output/Typhoon_5_3D.npz,Train
5,88,Output/Typhoon_5_3D.npz,Train
5,89,Output/Typhoon_5_3D.npz,Train
5,90,Output/Typhoon_5_3D.npz,Train
5,91,Output/Typhoon_5_3D.npz,Train
5,92,Output/Typhoon_5_3D.npz,Train
5,93,Output/Typhoon_5_3D.npz,Train
5,94,Output/Typhoon_5_3D.npz,Train
5,95,Output/Typhoon_5_3D.npz,Train
5,96,Output/Typhoon_5_3D.npz,Train
5,97,Output/Typhoon_5_3D.npz,Train
5,98,Output/Typhoon_5_3D.npz,Train
5,99,Output/Typhoon_5_3D.npz,Train
5,100,Output/Typhoon_5_3D.npz,Train
5,101,Output/Typhoon_5_3D.npz,Train
5,102,Output/Typhoon_5_3D.npz,Train
5,103,Output/Typhoon_5_3D.npz,Train
5,104,Output/Typhoon_5_3D.npz,Train
5,105,Output/Typhoon_5_3D.npz,Train
6,0,Output/Typhoon_6_3D.npz,Train
6,1,Output/Typhoon_6_3D.npz,Train
6,2,Output/Typhoon_6_3D.npz,Train
6,3,Output/Typhoon_6_3D.npz,Train
6,4,Output/Typhoon_6_3D.npz,Train
6,5,Output/Typhoon_6_3D.npz,Train
6,6,Output/Typhoon_6_3D.npz,Train
6,7,Output/Typhoon_6_3D.npz,Train
6,8,Output/Typhoon_6_3D.npz,Train
6,9,Output/Typhoon_6_3D.npz,Train
6,10,Output/Typhoon_6_3D.npz,Train
6,11,Output/Typhoon_6_3D.npz,Train
6,12,Output/Typhoon_6_3D.npz,Train
6,13,Output/Typhoon_6_3D.npz,Train
6,14,Output/Typhoon_6_3D.npz,Train
6,15,Output/Typhoon_6_3D.npz,Train
6,16,Output/Typhoon_6_3D.npz,Train
6,17,Output/Typhoon_6_3D.npz,Train
6,18,Output/Typhoon_6_3D.npz,Train
6,19,Output/Typhoon_6_3D.npz,Train
6,20,Output/Typhoon_6_3D.npz,Train
6,21,Output/Typhoon_6_3D.npz,Train
6,22,Output/Typhoon_6_3D.npz,Train
6,23,Output/Typhoon_6_3D.npz,Train
6,24,Output/Typhoon_6_3D.npz,Train
6,25,Output/Typhoon_6_3D.npz,Train
6,26,Output/Typhoon_6_3D.npz,Train
6,27,Output/Typhoon_6_3D.npz,Train
6,28,Output/Typhoon_6_3D.npz,Train
6,29,Output/Typhoon_6_3D.npz,Train
6,30,Output/Typhoon_6_3D.npz,Train
6,31,Output/Typhoon_6_3D.npz,Train
6,32,Output/Typhoon_6_3D.npz,Train
6,33,Output/Typhoon_6_3D.npz,Train
6,34,Output/Typhoon_6_3D.npz,Train
6,35,Output/Typhoon_6_3D.npz,Train
6,36,Output/Typhoon_6_3D.npz,Train
6,37,Output/Typhoon_6_3D.npz,Train
6,38,Output/Typhoon_6_3D.npz,Train
6,39,Output/Typhoon_6_3D.npz,Train
6,40,Output/Typhoon_6_3D.npz,Train
6,41,Output/Typhoon_6_3D.npz,Train
6,42,Output/Typhoon_6_3D.npz,Train
6,43,Output/Typhoon_6_3D.npz,Train
6,44,Output/Typhoon_6_3D.npz,Train
6,45,Output/Typhoon_6_3D.npz,Train
6,46,Output/Typhoon_6_3D.npz,Train
6,47,Output/Typhoon_6_3D.npz,Train
6,48,Output/Typhoon_6_3D.npz,Train
6,49,Output/Typhoon_6_3D.npz,Train
6,50,Output/Typhoon_6_3D.npz,Train
6,51,Output/Typhoon_6_3D.npz,Train
6,52,Output/Typhoon_6_3D.npz,Train
6,53,Output/Typhoon_6_3D.npz,Train
6,54,Output/Typhoon_6_3D.npz,Train
6,55,Output/Typhoon_6_3D.npz,Train
6,56,Output/Typhoon_6_3D.npz,Train
6,57,Output/Typhoon_6_3D.npz,Train
6,58,Output/Typhoon_6_3D.npz,Train
6,59,Output/Typhoon_6_3D.npz,Train
6,60,Output/Typhoon_6_3D.npz,Train
6,61,Output/Typhoon_6_3D.npz,Train
6,62,Output/Typhoon_6_3D.npz,Train
6,63,Output/Typhoon_6_3D.npz,Train
6,64,Output/Typhoon_6_3D.npz,Train
6,65,Output/Typhoon_6_3D.npz,Train
6,66,Output/Typhoon_6_3D.npz,Train
6,67,Output/Typhoon_6_3D.npz,Train
6,68,Output/Typhoon_6_3D.npz,Train
6,69,Output/Typhoon_6_3D.npz,Train
6,70,Output/Typhoon_6_3D.npz,Train
6,71,Output/Typhoon_6_3D.npz,Train
6,72,Output/Typhoon_6_3D.npz,Train
6,73,Output/Typhoon_6_3D.npz,Train
6,74,Output/Typhoon_6_3D.npz,Train
6,75,Output/Typhoon_6_3D.npz,Train
6,76,Output/Typhoon_6_3D.npz,Train
6,77,Output/Typhoon_6_3D.npz,Train
6,78,Output/Typhoon_6_3D.npz,Train
6,79,Output/Typhoon_6_3D.npz,Train
6,80,Output/Typhoon_6_3D.npz,Train
6,81,Output/Typhoon_6_3D.npz,Train
6,82,Output/Typhoon_6_3D.npz,Train
6,83,Output/Typhoon_6_3D.npz,Train
6,84,Output/Typhoon_6_3D.npz,Train
6,85,Output/Typhoon_6_3D.npz,Train
6,86,Output/Typhoon_6_3D.npz,Train
6,87,Output/Typhoon_6_3D.npz,Train
6,88,Output/Typhoon_6_3D.npz,Train
6,89,Output/Typhoon_6_3D.npz,Train
6,90,Output/Typhoon_6_3D.npz,Train
7,0,Output/Typhoon_7_3D.npz,Train
7,1,Output/Typhoon_7_3D.npz,Train
7,2,Output/Typhoon_7_3D.npz,Train
7,3,Output/Typhoon_7_3D.npz,Train
7,4,Output/Typhoon_7_3D.npz,Train
7,5,Output/Typhoon_7_3D.npz,Train
7,6,Output/Typhoon_7_3D.npz,Train
7,7,Output/Typhoon_7_3D.npz,Train
7,8,Output/Typhoon_7_3D.npz,Train
7,9,Output/Typhoon_7_3D.npz,Train
7,10,Output/Typhoon_7_3D.npz,Train
7,11,Output/Typhoon_7_3D.npz,Train
7,12,Output/Typhoon_7_3D.npz,Train
7,13,Output/Typhoon_7_3D.npz,Train
7,14,Output/Typhoon_7_3D.npz,Train
7,15,Output/Typhoon_7_3D.npz,Train
7,16,Output/Typhoon_7_3D.npz,Train
7,17,Output/Typhoon_7_3D.npz,Train
7,18,Output/Typhoon_7_3D.npz,Train
7,19,Output/Typhoon_7_3D.npz,Train
7,20,Output/Typhoon_7_3D.npz,Train
7,21,Output/Typhoon_7_3D.npz,Train
7,22,Output/Typhoon_7_3D.npz,Train
7,23,Output/Typhoon_7_3D.npz,Train
7,24,Output/Typhoon_7_3D.npz,Train
7,25,Output/Typhoon_7_3D.npz,Train
7,26,Output/Typhoon_7_3D.npz,Train
7,27,Output/Typhoon_7_3D.npz,Train
7,28,Output/Typhoon_7_3D.npz,Train
7,29,Output/Typhoon_7_3D.npz,Train
7,30,Output/Typhoon_7_3D.npz,Train
7,31,Output/Typhoon_7_3D.npz,Train
7,32,Output/Typhoon_7_3D.npz,Train
7,33,Output/Typhoon_7_3D.npz,Train
7,34,Output/Typhoon_7_3D.npz,Train
7,35,Output/Typhoon_7_3D.npz,Train
7,36,Output/Typhoon_7_3D.npz,Train
7,37,Output/Typhoon_7_3D.npz,Train
7,38,Output/Typhoon_7_3D.npz,Train
7,39,Output/Typhoon_7_3D.npz,Train
7,40,Output/Typhoon_7_3D.npz,Train
7,41,Output/Typhoon_7_3D.npz,Train
7,42,Output/Typhoon_7_3D.npz,Train
7,43,Output/Typhoon_7_3D.npz,Train
7,44,Output/Typhoon_7_3D.npz,Train
7,45,Output/Typhoon_7_3D.npz,Train
7,46,Output/Typhoon_7_3D.npz,Train
7,47,Output/Typhoon_7_3D.npz,Train
7,48,Output/Typhoon_7_3D.npz,Train
7,49,Output/Typhoon_7_3D.npz,Train
7,50,Output/Typhoon_7_3D.npz,Train
7,51,Output/Typhoon_7_3D.npz,Train
7,52,Output/Typhoon_7_3D.npz,Train
7,53,Output/Typhoon_7_3D.npz,Train
7,54,Output/Typhoon_7_3D.npz,Train
7,55,Output/Typhoon_7_3D.npz,Train
7,56,Output/Typhoon_7_3D.npz,Train
7,57,Output/Typhoon_7_3D.npz,Train
7,58,Output/Typhoon_7_3D.npz,Train
7,59,Output/Typhoon_7_3D.npz,Train
7,60,Output/Typhoon_7_3D.npz,Train
7,61,Output/Typhoon_7_3D.npz,Train
7,62,Output/Typhoon_7_3D.npz,Train
7,63,Output/Typhoon_7_3D.npz,Train
8,0,Output/Typhoon_8_3D.npz,Test
8,1,Output/Typhoon_8_3D.npz,Test
8,2,Output/Typhoon_8_3D.npz,Test
8,3,Output/Typhoon_8_3D.npz,Test
8,4,Output/Typhoon_8_3D.npz,Test
8,5,Output/Typhoon_8_3D.npz,Test
8,6,Output/Typhoon_8_3D.npz,Test
8,7,Output/Typhoon_8_3D.npz,Test
8,8,Output/Typhoon_8_3D.npz,Test
8,9,Output/Typhoon_8_3D.npz,Test
8,10,Output/Typhoon_8_3D.npz,Test
8,11,Output/Typhoon_8_3D.npz,Test
8,12,Output/Typhoon_8_3D.npz,Test
8,13,Output/Typhoon_8_3D.npz,Test
8,14,Output/Typhoon_8_3D.npz,Test
8,15,Output/Typhoon_8_3D.npz,Test
8,16,Output/Typhoon_8_3D.npz,Test
8,17,Output/Typhoon_8_3D.npz,Test
8,18,Output/Typhoon_8_3D.npz,Test
8,19,Output/Typhoon_8_3D.npz,Test
8,20,Output/Typhoon_8_3D.npz,Test
8,21,Output/Typhoon_8_3D.npz,Test
8,22,Output/Typhoon_8_3D.npz,Test
8,23,Output/Typhoon_8_3D.npz,Test
8,24,Output/Typhoon_8_3D.npz,Test
8,25,Output/Typhoon_8_3D.npz,Test
8,26,Output/Typhoon_8_3D.npz,Test
8,27,Output/Typhoon_8_3D.npz,Test
8,28,Output/Typhoon_8_3D.npz,Test
8,29,Output/Typhoon_8_3D.npz,Test
8,30,Output/Typhoon_8_3D.npz,Test
8,31,Output/Typhoon_8_3D.npz,Test
8,32,Output/Typhoon_8_3D.npz,Test
8,33,Output/Typhoon_8_3D.npz,Test
8,34,Output/Typhoon_8_3D.npz,Test
8,35,Output/Typhoon_8_3D.npz,Test
8,36,Output/Typhoon_8_3D.npz,Test
8,37,Output/Typhoon_8_3D.npz,Test
8,38,Output/Typhoon_8_3D.npz,Test
8,39,Output/Typhoon_8_3D.npz,Test
8,40,Output/Typhoon_8_3D.npz,Test
8,41,Output/Typhoon_8_3D.npz,Test
8,42,Output/Typhoon_8_3D.npz,Test
8,43,Output/Typhoon_8_3D.npz,Test
8,44,Output/Typhoon_8_3D.npz,Test
8,45,Output/Typhoon_8_3D.npz,Test
8,46,Output/Typhoon_8_3D.npz,Test
8,47,Output/Typhoon_8_3D.npz,Test
8,48,Output/Typhoon_8_3D.npz,Test
8,49,Output/Typhoon_8_3D.npz,Test
8,50,Output/Typhoon_8_3D.npz,Test
8,51,Output/Typhoon_8_3D.npz,Test
8,52,Output/Typhoon_8_3D.npz,Test
8,53,Output/Typhoon_8_3D.npz,Test
8,54,Output/Typhoon_8_3D.npz,Test
8,55,Output/Typhoon_8_3D.npz,Test
8,56,Output/Typhoon_8_3D.npz,Test
8,57,Output/Typhoon_8_3D.npz,Test
8,58,Output/Typhoon_8_3D.npz,Test
8,59,Output/Typhoon_8_3D.npz,Test
8,60,Output/Typhoon_8_3D.npz,Test
8,61,Output/Typhoon_8_3D.npz,Test
8,62,Output/Typhoon_8_3D.npz,Test
8,63,Output/Typhoon_8_3D.npz,Test
8,64,Output/Typhoon_8_3D.npz,Test
8,65,Output/Typhoon_8_3D.npz,Test
8,66,Output/Typhoon_8_3D.npz,Test
8,67,Output/Typhoon_8_3D.npz,Test
8,68,Output/Typhoon_8_3D.npz,Test
8,69,Output/Typhoon_8_3D.npz,Test
9,0,Output/Typhoon_9_3D.npz,Train
9,1,Output/Typhoon_9_3D.npz,Train
9,2,Output/Typhoon_9_3D.npz,Train
9,3,Output/Typhoon_9_3D.npz,Train
9,4,Output/Typhoon_9_3D.npz,Train
9,5,Output/Typhoon_9_3D.npz,Train
9,6,Output/Typhoon_9_3D.npz,Train
9,7,Output/Typhoon_9_3D.npz,Train
9,8,Output/Typhoon_9_3D.npz,Train
9,9,Output/Typhoon_9_3D.npz,Train
9,10,Output/Typhoon_9_3D.npz,Train
9,11,Output/Typhoon_9_3D.npz,Train
9,12,Output/Typhoon_9_3D.npz,Train
9,13,Output/Typhoon_9_3D.npz,Train
9,14,Output/Typhoon_9_3D.npz,Train
9,15,Output/Typhoon_9_3D.npz,Train
9,16,Output/Typhoon_9_3D.npz,Train
9,17,Output/Typhoon_9_3D.npz,Train
9,18,Output/Typhoon_9_3D.npz,Train
9,19,Output/Typhoon_9_3D.npz,Train
9,20,Output/Typhoon_9_3D.npz,Train
9,21,Output/Typhoon_9_3D.npz,Train
9,22,Output/Typhoon_9_3D.npz,Train
9,23,Output/Typhoon_9_3D.npz,Train
9,24,Output/Typhoon_9_3D.npz,Train
9,25,Output/Typhoon_9_3D.npz,Train
9,26,Output/Typhoon_9_3D.npz,Train
9,27,Output/Typhoon_9_3D.npz,Train
9,28,Output/Typhoon_9_3D.npz,Train
9,29,Output/Typhoon_9_3D.npz,Train
9,30,Output/Typhoon_9_3D.npz,Train
9,31,Output/Typhoon_9_3D.npz,Train
9,32,Output/Typhoon_9_3D.npz,Train
9,33,Output/Typhoon_9_3D.npz,Train
9,34,Output/Typhoon_9_3D.npz,Train
9,35,Output/Typhoon_9_3D.npz,Train
9,36,Output/Typhoon_9_3D.npz,Train
9,37,Output/Typhoon_9_3D.npz,Train
9,38,Output/Typhoon_9_3D.npz,Train
9,39,Output/Typhoon_9_3D.npz,Train
9,40,Output/Typhoon_9_3D.npz,Train
9,41,Output/Typhoon_9_3D.npz,Train
9,42,Output/Typhoon_9_3D.npz,Train
9,43,Output/Typhoon_9_3D.npz,Train
9,44,Output/Typhoon_9_3D.npz,Train
9,45,Output/Typhoon_9_3D.npz,Train
9,46,Output/Typhoon_9_3D.npz,Train
9,47,Output/Typhoon_9_3D.npz,Train
9,48,Output/Typhoon_9_3D.npz,Train
9,49,Output/Typhoon_9_3D.npz,Train
9,50,Output/Typhoon_9_3D.npz,Train
9,51,Output/Typhoon_9_3D.npz,Train
9,52,Output/Typhoon_9_3D.npz,Train
9,53,Output/Typhoon_9_3D.npz,Train
9,54,Output/Typhoon_9_3D.npz,Train
9,55,Output/Typhoon_9_3D.npz,Train
9,56,Output/Typhoon_9_3D.npz,Train
9,57,Output/Typhoon_9_3D.npz,Train
9,58,Output/Typhoon_9_3D.npz,Train
9,59,Output/Typhoon_9_3D.npz,Train
9,60,Output/Typhoon_9_3D.npz,Train
9,61,Output/Typhoon_9_3D.npz,Train
9,62,Output/Typhoon_9_3D.npz,Train
9,63,Output/Typhoon_9_3D.npz,Train
9,64,Output/Typhoon_9_3D.npz,Train
9,65,Output/Typhoon_9_3D.npz,Train
9,66,Output/Typhoon_9_3D.npz,Train
9,67,Output/Typhoon_9_3D.npz,Train
9,68,Output/Typhoon_9_3D.npz,Train
9,69,Output/Typhoon_9_3D.npz,Train
9,70,Output/Typhoon_9_3D.npz,Train
9,71,Output/Typhoon_9_3D.npz,Train
9,72,Output/Typhoon_9_3D.npz,Train
9,73,Output/Typhoon_9_3D.npz,Train
9,74,Output/Typhoon_9_3D.npz,Train
9,75,Output/Typhoon_9_3D.npz,Train
9,76,Output/Typhoon_9_3D.npz,Train
9,77,Output/Typhoon_9_3D.npz,Train
9,78,Output/Typhoon_9_3D.npz,Train
9,79,Output/Typhoon_9_3D.npz,Train
9,80,Output/Typhoon_9_3D.npz,Train
9,81,Output/Typhoon_9_3D.npz,Train
9,82,Output/Typhoon_9_3D.npz,Train
9,83,Output/Typhoon_9_3D.npz,Train
9,84,Output/Typhoon_9_3D.npz,Train
9,85,Output/Typhoon_9_3D.npz,Train
9,86,Output/Typhoon_9_3D.npz,Train
9,87,Output/Typhoon_9_3D.npz,Train
9,88,Output/Typhoon_9_3D.npz,Train
9,89,Output/Typhoon_9_3D.npz,Train
10,0,Output/Typhoon_10_3D.npz,Train
10,1,Output/Typhoon_10_3D.npz,Train
10,2,Output/Typhoon_10_3D.npz,Train
10,3,Output/Typhoon_10_3D.npz,Train
10,4,Output/Typhoon_10_3D.npz,Train
10,5,Output/Typhoon_10_3D.npz,Train
10,6,Output/Typhoon_10_3D.npz,Train
10,7,Output/Typhoon_10_3D.npz,Train
10,8,Output/Typhoon_10_3D.npz,Train
10,9,Output/Typhoon_10_3D.npz,Train
10,10,Output/Typhoon_10_3D.npz,Train
10,11,Output/Typhoon_10_3D.npz,Train
10,12,Output/Typhoon_10_3D.npz,Train
10,13,Output/Typhoon_10_3D.npz,Train
10,14,Output/Typhoon_10_3D.npz,Train
10,15,Output/Typhoon_10_3D.npz,Train
10,16,Output/Typhoon_10_3D.npz,Train
10,17,Output/Typhoon_10_3D.npz,Train
10,18,Output/Typhoon_10_3D.npz,Train
10,19,Output/Typhoon_10_3D.npz,Train
10,20,Output/Typhoon_10_3D.npz,Train
10,21,Output/Typhoon_10_3D.npz,Train
10,22,Output/Typhoon_10_3D.npz,Train
10,23,Output/Typhoon_10_3D.npz,Train
10,24,Output/Typhoon_10_3D.npz,Train
10,25,Output/Typhoon_10_3D.npz,Train
10,26,Output/Typhoon_10_3D.npz,Train
10,27,Output/Typhoon_10_3D.npz,Train
10,28,Output/Typhoon_10_3D.npz,Train
10,29,Output/Typhoon_10_3D.npz,Train
10,30,Output/Typhoon_10_3D.npz,Train
10,31,Output/Typhoon_10_3D.npz,Train
10,32,Output/Typhoon_10_3D.npz,Train
10,33,Output/Typhoon_10_3D.npz,Train
10,34,Output/Typhoon_10_3D.npz,Train
10,35,Output/Typhoon_10_3D.npz,Train
10,36,Output/Typhoon_10_3D.npz,Train
10,37,Output/Typhoon_10_3D.npz,Train
10,38,Output/Typhoon_10_3D.npz,Train
10,39,Output/Typhoon_10_3D.npz,Train
10,40,Output/Typhoon_10_3D.npz,Train
10,41,Output/Typhoon_10_3D.npz,Train
10,42,Output/Typhoon_10_3D.npz,Train
10,43,Output/Typhoon_10_3D.npz,Train
10,44,Output/Typhoon_10_3D.npz,Train
10,45,Output/Typhoon_10_3D.npz,Train
10,46,Output/Typhoon_10_3D.npz,Train
10,47,Output/Typhoon_10_3D.npz,Train
10,48,Output/Typhoon_10_3D.npz,Train
10,49,Output/Typhoon_10_3D.npz,Train
10,50,Output/Typhoon_10_3D.npz,Train
11,0,Output/Typhoon_11_3D.npz,Train
11,1,Output/Typhoon_11_3D.npz,Train
11,2,Output/Typhoon_11_3D.npz,Train
11,3,Output/Typhoon_11_3D.npz,Train
11,4,Output/Typhoon_11_3D.npz,Train
11,5,Output/Typhoon_11_3D.npz,Train
11,6,Output/Typhoon_11_3D.npz,Train
11,7,Output/Typhoon_11_3D.npz,Train
11,8,Output/Typhoon_11_3D.npz,Train
11,9,Output/Typhoon_11_3D.npz,Train
11,10,Output/Typhoon_11_3D.npz,Train
11,11,Output/Typhoon_11_3D.npz,Train
11,12,Output/Typhoon_11_3D.npz,Train
11,13,Output/Typhoon_11_3D.npz,Train
11,14,Output/Typhoon_11_3D.npz,Train
11,15,Output/Typhoon_11_3D.npz,Train
11,16,Output/Typhoon_11_3D.npz,Train
11,17,Output/Typhoon_11_3D.npz,Train
11,18,Output/Typhoon_11_3D.npz,Train
11,19,Output/Typhoon_11_3D.npz,Train
11,20,Output/Typhoon_11_3D.npz,Train
11,21,Output/Typhoon_11_3D.npz,Train
12,0,Output/Typhoon_12_3D.npz,Train
12,1,Output/Typhoon_12_3D.npz,Train
12,2,Output/Typhoon_12_3D.npz,Train
12,3,Output/Typhoon_12_3D.npz,Train
12,4,Output/Typhoon_12_3D.npz,Train
12,5,Output/Typhoon_12_3D.npz,Train
12,6,Output/Typhoon_12_3D.npz,Train
12,7,Output/Typhoon_12_3D.npz,Train
12,8,Output/Typhoon_12_3D.npz,Train
12,9,Output/Typhoon_12_3D.npz,Train
12,10,Output/Typhoon_12_3D.npz,Train
12,11,Output/Typhoon_12_3D.npz,Train
12,12,Output/Typhoon_12_3D.npz,Train
12,13,Output/Typhoon_12_3D.npz,Train
12,14,Output/Typhoon_12_3D.npz,Train
12,15,Output/Typhoon_12_3D.npz,Train
12,16,Output/Typhoon_12_3D.npz,Train
12,17,Output/Typhoon_12_3D.npz,Train
12,18,Output/Typhoon_12_3D.npz,Train
12,19,Output/Typhoon_12_3D.npz,Train
12,20,Output/Typhoon_12_3D.npz,Train
12,21,Output/Typhoon_12_3D.npz,Train
12,22,Output/Typhoon_12_3D.npz,Train
12,23,Output/Typhoon_12_3D.npz,Train
12,24,Output/Typhoon_12_3D.npz,Train
12,25,Output/Typhoon_12_3D.npz,Train
12,26,Output/Typhoon_12_3D.npz,Train
12,27,Output/Typhoon_12_3D.npz,Train
13,0,Output/Typhoon_13_3D.npz,Train
13,1,Output/Typhoon_13_3D.npz,Train
13,2,Output/Typhoon_13_3D.npz,Train
13,3,Output/Typhoon_13_3D.npz,Train
13,4,Output/Typhoon_13_3D.npz,Train
13,5,Output/Typhoon_13_3D.npz,Train
13,6,Output/Typhoon_13_3D.npz,Train
13,7,Output/Typhoon_13_3D.npz,Train
13,8,Output/Typhoon_13_3D.npz,Train
13,9,Output/Typhoon_13_3D.npz,Train
13,10,Output/Typhoon_13_3D.npz,Train
13,11,Output/Typhoon_13_3D.npz,Train
13,12,Output/Typhoon_13_3D.npz,Train
13,13,Output/Typhoon_13_3D.npz,Train
13,14,Output/Typhoon_13_3D.npz,Train
13,15,Output/Typhoon_13_3D.npz,Train
13,16,Output/Typhoon_13_3D.npz,Train
13,17,Output/Typhoon_13_3D.npz,Train
13,18,Output/Typhoon_13_3D.npz,Train
13,19,Output/Typhoon_13_3D.npz,Train
13,20,Output/Typhoon_13_3D.npz,Train
13,21,Output/Typhoon_13_3D.npz,Train
13,22,Output/Typhoon_13_3D.npz,Train
13,23,Output/Typhoon_13_3D.npz,Train
13,24,Output/Typhoon_13_3D.npz,Train
13,25,Output/Typhoon_13_3D.npz,Train
13,26,Output/Typhoon_13_3D.npz,Train
13,27,Output/Typhoon_13_3D.npz,Train
13,28,Output/Typhoon_13_3D.npz,Train
13,29,Output/Typhoon_13_3D.npz,Train
13,30,Output/Typhoon_13_3D.npz,Train
13,31,Output/Typhoon_13_3D.npz,Train
13,32,Output/Typhoon_13_3D.npz,Train
13,33,Output/Typhoon_13_3D.npz,Train
13,34,Output/Typhoon_13_3D.npz,Train
13,35,Output/Typhoon_13_3D.npz,Train
13,36,Output/Typhoon_13_3D.npz,Train
13,37,Output/Typhoon_13_3D.npz,Train
13,38,Output/Typhoon_13_3D.npz,Train
13,39,Output/Typhoon_13_3D.npz,Train
13,40,Output/Typhoon_13_3D.npz,Train
13,41,Output/Typhoon_13_3D.npz,Train
13,42,Output/Typhoon_13_3D.npz,Train
13,43,Output/Typhoon_13_3D.npz,Train
13,44,Output/Typhoon_13_3D.npz,Train
13,45,Output/Typhoon_13_3D.npz,Train
13,46,Output/Typhoon_13_3D.npz,Train
13,47,Output/Typhoon_13_3D.npz,Train
13,48,Output/Typhoon_13_3D.npz,Train
13,49,Output/Typhoon_13_3D.npz,Train
13,50,Output/Typhoon_13_3D.npz,Train
13,51,Output/Typhoon_13_3D.npz,Train
13,52,Output/Typhoon_13_3D.npz,Train
13,53,Output/Typhoon_13_3D.npz,Train
13,54,Output/Typhoon_13_3D.npz,Train
13,55,Output/Typhoon_13_3D.npz,Train
13,56,Output/Typhoon_13_3D.npz,Train
13,57,Output/Typhoon_13_3D.npz,Train
13,58,Output/Typhoon_13_3D.npz,Train
13,59,Output/Typhoon_13_3D.npz,Train
13,60,Output/Typhoon_13_3D.npz,Train
13,61,Output/Typhoon_13_3D.npz,Train
13,62,Output/Typhoon_13_3D.npz,Train
13,63,Output/Typhoon_13_3D.npz,Train
13,64,Output/Typhoon_13_3D.npz,Train
13,65,Output/Typhoon_13_3D.npz,Train
13,66,Output/Typhoon_13_3D.npz,Train
13,67,Output/Typhoon_13_3D.npz,Train
13,68,Output/Typhoon_13_3D.npz,Train
13,69,Output/Typhoon_13_3D.npz,Train
13,70,Output/Typhoon_13_3D.npz,Train
13,71,Output/Typhoon_13_3D.npz,Train
13,72,Output/Typhoon_13_3D.npz,Train
13,73,Output/Typhoon_13_3D.npz,Train
13,74,Output/Typhoon_13_3D.npz,Train
13,75,Output/Typhoon_13_3D.npz,Train
13,76,Output/Typhoon_13_3D.npz,Train
13,77,Output/Typhoon_13_3D.npz,Train
13,78,Output/Typhoon_13_3D.npz,Train
13,79,Output/Typhoon_13_3D.npz,Train
13,80,Output/Typhoon_13_3D.npz,Train
13,81,Output/Typhoon_13_3D.npz,Train
13,82,Output/Typhoon_13_3D.npz,Train
13,83,Output/Typhoon_13_3D.npz,Train
13,84,Output/Typhoon_13_3D.npz,Train
13,85,Output/Typhoon_13_3D.npz,Train
13,86,Output/Typhoon_13_3D.npz,Train
13,87,Output/Typhoon_13_3D.npz,Train
13,88,Output/Typhoon_13_3D.npz,Train
13,89,Output/Typhoon_13_3D.npz,Train
13,90,Output/Typhoon_13_3D.npz,Train
13,91,Output/Typhoon_13_3D.npz,Train
13,92,Output/Typhoon_13_3D.npz,Train
13,93,Output/Typhoon_13_3D.npz,Train
