名稱,地址,總收容人數,經緯度
虎溪社區活動中心,雲林縣斗六市虎溪里斗六市虎溪路67-2號,40,"23.7200159,120.5225949"
重光社區活動中心,雲林縣斗六市重光里斗六市重光路41號,80,"23.6931359,120.5664591"
深圳社區活動中心,雲林縣斗六市久安里斗六市永興路44-1號,80,"23.6831029,120.5188913"
榴中社區活動中心,雲林縣斗六市榴中里斗六市中興路1號,100,"23.7229573,120.5826451"
崙峯社區活動中心,雲林縣斗六市崙峯里斗六市仁義路38號,50,"23.680997,120.538251"
榴北社區活動中心,雲林縣斗六市榴北里斗六市南環路86號,80,"23.7255533,120.5760459"
梅林社區活動中心,雲林縣斗六市梅林里斗六市內林路59號,40,"23.7018135,120.5978034"
長平社區活動中心,雲林縣斗六市長平里斗六市長平南路38號,80,"23.7008103,120.5077582"
嘉東社區活動中心,雲林縣斗六市嘉東里斗六市嘉東中路21號,40,"23.6859503,120.5474523"
湖山社區活動中心,雲林縣斗六市湖山里斗六市楓湖路92號,40,"23.7173627,120.6078503"
龍潭社區活動中心,雲林縣斗六市龍潭里斗六市龍潭南路21-3號,60,"23.6894697,120.5293624"
斗六市老人文康活動中心,雲林縣斗六市公正里斗六市莊敬路62號,200,"23.7041163,120.5497034"
崇修堂,雲林縣斗六市社口里斗六市中山路149巷20號,200,"23.7055229,120.5395877"
斗六公園,雲林縣斗六市公正里斗六市莊敬路62號前,500,"23.7041163,120.5497034"
正心中學,雲林縣斗六市正心里斗六市正心路1號,1200,"23.7149248,120.5275498"
斗六國中,雲林縣斗六市鎮東里斗六市育英北街69號,1000,"23.7132693,120.5505761"
雲林國中,雲林縣斗六市鎮西里斗六市明德路599號,1000,"23.7004437,120.5325871"
石榴國中,雲林縣斗六市榴中里斗六市光復路66號,600,"23.7220182,120.5872656"
鎮西國小,雲林縣斗六市鎮西里斗六市西平路3號,500,"23.7073542,120.5385238"
溪洲國小,雲林縣斗六市溪洲里斗六市萬年路809號,200,"23.740902,120.5550729"
梅林國小,雲林縣斗六市梅林里斗六市梅林路256號,200,"23.702701,120.601471"
明德里多功能活動中心,雲林縣斗六市明德里斗六市鎮北路712號,50,"23.7263919,120.5382814"
信義里集會所,雲林縣斗六市信義里斗六市文化路6號4樓,90,"23.7109164,120.5438082"
南聖宮,雲林縣斗六市重光里斗六市南聖路301號,200,"23.7010188,120.5582993"
溝壩國小,雲林縣斗六市溝埧里斗六市仁義路93號,800,"23.6738428,120.5376626"
公誠國小,雲林縣斗六市公誠里斗六市北平路95號,2400,"23.7154142,120.5376243"
鎮西里集會所,雲林縣斗六市鎮西里斗六市中堅西路701號,180,"23.7012064,120.531947"
久安社區活動中心,雲林縣斗六市久安里斗六市久安路299號,50,"23.6814909,120.5133132"
三光社區活動中心,雲林縣斗六市三光里斗六市板橋路40號地下一樓,40,"23.6548631,120.5251501"
順安宮明德大樓,雲林縣斗南鎮明昌里長安路126號,800,"23.6754125,120.4733595"
僑真國小日新樓,雲林縣斗南鎮明昌里延平路二段642號,195,"23.6680562,120.4750911"
東明國中中正堂,雲林縣斗南鎮大同里中興路111號,131,"23.6783754,120.4706858"
斗南國小活動中心,雲林縣斗南鎮西岐里文昌路150號,118,"23.6811931,120.4793249"
斗南高中中正堂,雲林縣斗南鎮西岐里中山路212號,253,"23.6818165,120.4764453"
石龜國小活動中心,雲林縣斗南鎮石龜里南生路1號,120,"23.6416518,120.4828901"
他里霧親水公園,雲林縣斗南鎮西岐里西岐段1454-4號,3079,"23.679436,120.4747975"
虎尾廳(僅供水災)停車場(僅供震災),雲林縣虎尾鎮新興里行政路6號,185,"23.7084801,120.4453047"
虎尾鎮多功能活動中心1樓(水震災)室外公園及籃球場(僅供震災),雲林縣虎尾鎮平和里大成街123號,1720,"23.7119492,120.4478465"
崇德國中桌球館(水震災)室外操場、籃球場(僅供震災),雲林縣虎尾鎮廉使里文科路1530號,1950,"23.7166931,120.4173979"
虎尾鎮立體育場(僅供震災),雲林縣虎尾鎮公安里5鄰水源路10-10號,300,"23.7121572,120.4336151"
虎尾高級農工職業學校活動中心 (水震災)室外籃球場(僅供震災),雲林縣虎尾鎮公安里博愛路65號,500,"23.7149608,120.4365126"
虎尾國小體育館(水震災)室外操場、籃球場(僅供震災),雲林縣虎尾鎮公安里明正路88號,950,"23.7137845,120.4316221"
頂溪多功能活動中心(水震災)室外公園(僅供震災),雲林縣虎尾鎮頂溪里頂竹圍5-6號,2700,"23.7260831,120.4684117"
大屯國小活動中心(水震災)室外操場、籃球場(僅供震災),雲林縣虎尾鎮東屯里147號,950,"23.7030636,120.3983097"
西螺鎮公所,雲林縣西螺鎮廣福里光復西路20號,400,"23.7978801,120.465601"
西螺鎮調解委員會,雲林縣西螺鎮廣福里民生路20號,200,"23.7981123,120.4653012"
福興里活動中心,雲林縣西螺鎮福興里中市路31號,100,"23.8032555,120.4596384"
振興里活動中心,雲林縣西螺鎮振興里127號,50,"23.7886536,120.4732056"
大園里活動中心,雲林縣西螺鎮大園里光復東路95號,50,"23.7982138,120.4724845"
西螺鎮立幼兒園,雲林縣西螺鎮正興里興農西路105巷21之1號,200,"23.7934173,120.4634738"
漢光里活動中心,雲林縣西螺鎮漢光里西興南路354號,50,"23.7935654,120.4568483"
新安里活動中心,雲林縣西螺鎮新安里新社100號,50,"23.7890335,120.4495805"
大新里活動中心,雲林縣西螺鎮大新里大新163之2號,50,"23.793111,120.488561"
東興里活動中心,雲林縣西螺鎮東興里東興34號,50,"23.770128,120.477269"
鹿場里活動中心,雲林縣西螺鎮鹿場里83之1號,50,"23.7511558,120.4732056"
廣興里活動中心,雲林縣西螺鎮廣興里84號,50,"23.7678743,120.4599384"
頂湳里活動中心,雲林縣西螺鎮頂湳里頂南24之3號,50,"23.7717004,120.4526738"
吳厝里活動中心,雲林縣西螺鎮吳厝里吳厝81之1號,50,"23.744041,120.4256805"
九隆里活動中心,雲林縣西螺鎮九隆里九隆45之1號,50,"23.753966,120.431354"
七座里活動中心,雲林縣西螺鎮七座里七座25號,50,"23.757017,120.443544"
公舘里活動中心,雲林縣西螺鎮公舘里公舘109號,50,"23.7475337,120.4527374"
詔安里活動中心,雲林縣西螺鎮詔安里詔安16之1號,50,"23.798098,120.4451247"
河南里活動中心,雲林縣西螺鎮河南里河南58之2號,50,"23.7945036,120.4400839"
福田里活動中心,雲林縣西螺鎮福田里社口87號,50,"23.790615,120.440556"
西螺農工,雲林縣西螺鎮大園里大同路4號,1800,"23.7944686,120.4683543"
中山國小,雲林縣西螺鎮廣福里新街路2號,1000,"23.7953174,120.465646"
文昌國小,雲林縣西螺鎮中興里延平路504號,1800,"23.8002337,120.4520222"
西螺國中,雲林縣西螺鎮正興里興農西路217號,1200,"23.7926004,120.460426"
東南國中(整修11507,)雲林縣西螺鎮中興里東南路326號,1200,"23.8043147,120.4519655"
廣興國小,雲林縣西螺鎮廣興里59號,1050,"23.7659478,120.4582659"
大新國小,雲林縣西螺鎮大新里215號,700,"23.7901124,120.4865238"
吳厝國小,雲林縣西螺鎮吳厝里44號,170,"23.744041,120.4256805"
文興國小,雲林縣西螺鎮新豐里新社257號,800,"23.7890335,120.4495805"
文賢國小,雲林縣西螺鎮公舘里文賢路1號,600,"23.7482137,120.464386"
安定國小,雲林縣西螺鎮河南里埔心路210號,650,"23.7981369,120.4395438"
西螺鎮福興宮,雲林縣西螺鎮福興里延平路180號,120,"23.8016312,120.4605865"
私立西光幼兒園,雲林縣西螺鎮中興里中山路308號,100,"23.799315,120.453527"
米都商務飯店,雲林縣西螺鎮永安里中山路8號,50,"23.8002639,120.4643192"
土庫鎮公所活動中心,雲林縣土庫鎮石廟里中興路175號,44,"23.6821016,120.3897128"
第一老人文康活動中心,雲林縣土庫鎮順天里新建路1-6號,96,"23.6764668,120.3884054"
土庫國中樂群堂及操場,雲林縣土庫鎮石廟里復興路318號,800,"23.6865812,120.3893049"
第二老人文康活動中心,雲林縣土庫鎮西平里民權路43-2號,111,"23.706561,120.3511057"
馬光國小學生活動中心及操場,雲林縣土庫鎮南平里馬光路174號,600,"23.7055386,120.3511174"
大荖社區活動中心,雲林縣土庫鎮大荖里大荖路47號,60,"23.686161,120.369548"
南平社區活動中心,雲林縣土庫鎮南平里仁愛街31號,74,"23.7044925,120.3532245"
扶朝社區活動中心,雲林縣土庫鎮埤腳里扶朝40-8號,96,"23.677769,120.361787"
埤腳社區活動中心,雲林縣土庫鎮埤腳里埤腳115-1號,67,"23.671526,120.347566"
下庄社區活動中心,雲林縣土庫鎮溪邊里下庄18-1號,46,"23.6573065,120.3867834"
溪埔寮農民休閒活動中心,雲林縣土庫鎮溪邊里溪埔27-2號,113,"23.6573065,120.3867834"
綺湖社區老人活動中心,雲林縣土庫鎮奮起里綺湖134號,35,"23.665418,120.357064"
綺湖社區活動中心,雲林縣土庫鎮奮起里綺湖96-1號,78,"23.665418,120.357064"
朝天宮（厚生大樓）,雲林縣北港鎮光民里厚生路15號,117,"23.5674534,120.3065218"
北辰國小,雲林縣北港鎮新街里成功路30號,452,"23.5779707,120.3021058"
好收國小,雲林縣北港鎮好收里好收20號,35,"23.602101,120.276828"
僑美國小,雲林縣北港鎮草湖里華勝路655號,30,"23.600974,120.306001"
育英國小,雲林縣北港鎮番溝里番溝84號,62,"23.62604,120.27506"
東榮國小,雲林縣北港鎮溝皂里溝皂174號,53,"23.614225,120.289971"
辰光國小-沒變,雲林縣北港鎮新厝里新厝49號,46,"23.5853508,120.3161625"
朝陽國小,雲林縣北港鎮扶朝里扶朝76號,40,"23.567279,120.282417"
雲林縣北港鎮公所,雲林縣北港鎮新街里北辰路1號,109,"23.5758988,120.3023889"
北港高中,雲林縣北港鎮新街里成功路26號,828,"23.5781778,120.3042684"
北港農工,雲林縣北港鎮新街里太平路80號,511,"23.5796755,120.3060882"
巨人中學,雲林縣北港鎮樹腳里大同路647號,146,"23.5743276,120.2885883"
北港國中,雲林縣北港鎮南安里民生路102號,276,"23.5665183,120.2992222"
建國國中,雲林縣北港鎮華勝里大同路468號,2199,"23.5740478,120.2961583"
南陽國小,雲林縣北港鎮南安里光明路59號,659,"23.5662095,120.300664"
樹腳社區活動中心,雲林縣北港鎮樹腳里大庄2-1號,109,"23.57748,120.275552"
過溝社區活動中心,雲林縣北港鎮樹腳里過溝42-2號,48,"23.5789381,120.2772325"
水碓國小,雲林縣古坑鄉水碓村水碓路97號,200,"23.664926,120.559998"
田心社區活動中心,雲林縣古坑鄉田心村田心59號之1,20,"23.670788,120.541988"
高林社區活動中心,雲林縣古坑鄉高林村高林61號,20,"23.674402,120.568946"
山峰華德福教育實驗國民小學,雲林縣古坑鄉荷苞村山峰路17號,200,"23.631186,120.613027"
東和國小,雲林縣古坑鄉東和村文化路120號,190,"23.6849837,120.569102"
新光國小,雲林縣古坑鄉新庄村1-1號,190,"23.6869437,120.5866363"
棋山國小,雲林縣古坑鄉棋盤村棋山49號,140,"23.6803538,120.6142365"
中華科技大學雲林校區,雲林縣古坑鄉崁腳村南昌6-26號,44,"23.618838,120.538612"
東和國民中學,雲林縣古坑鄉東和村文化路130號,190,"23.6863002,120.5676632"
華南實驗國民小學,雲林縣古坑鄉華南村華南28號,140,"23.6466411,120.5969758"
永光國小,雲林縣古坑鄉永光村文昌路84號,190,"23.6266131,120.5543534"
桂林國小,雲林縣古坑鄉桂林村95號,190,"23.6854291,120.5060164"
興昌國小,雲林縣古坑鄉崁腳村南昌6號,190,"23.618838,120.538612"
麻園社區活動中心,雲林縣古坑鄉麻園村中洲路41-1號,20,"23.6268379,120.5132692"
古坑國民中小學小學部體育館,雲林縣古坑鄉朝陽村朝陽路3號,200,"23.6455334,120.5658647"
古坑國民中小學國中部活動中心,雲林縣古坑鄉朝陽村朝陽路2號,200,"23.646766,120.5671237"
調解會暨古坑三村聯合辦公處,雲林縣古坑鄉古坑村中山路45號,20,"23.6427063,120.5615467"
湳仔社區活動中心,雲林縣古坑鄉湳仔村崙子路30號,20,"23.650477,120.5423015"
草嶺生態地質國民小學,雲林縣古坑鄉草嶺村草嶺56-8號,200,"23.584607,120.692878"
永光老人養護中心,雲林縣古坑鄉永光村光興路20號,2,"23.6195507,120.5580821"
劍湖山世界股份有限公司(渡假大飯店),雲林縣古坑鄉永光村大湖口67之8號,1000,"23.60822,120.570702"
私立福智國民中學活動中心,雲林縣古坑鄉麻園村平和23號,200,"23.6327985,120.525031"
樟湖生態國民中小學,雲林縣古坑鄉樟湖村石橋50-2號,190,"23.6111295,120.6372471"
舊庄國小（含操場）,雲林縣大埤鄉怡然村怡然路92號,462,"23.633687,120.4015513"
聯美國小（含操場）,雲林縣大埤鄉聯美村聯豐路99號,412,"23.6501294,120.4006508"
大埤國小（含操場）,雲林縣大埤鄉南和村中正路23號,612,"23.6439123,120.4318022"
大埤國中（含操場）,雲林縣大埤鄉南和村民權路80號,612,"23.641699,120.4296416"
嘉興國小（含操場）,雲林縣大埤鄉嘉興村嘉興路65號,437,"23.6493896,120.4538769"
仁和國小（含操場）,雲林縣大埤鄉豐岡村仁和路4號,412,"23.6620108,120.4224396"
豐田村里活動中心（含室外廣場）,雲林縣大埤鄉豐田村豐田12-1號,112,"23.658965,120.459733"
大埤鄉公所(四樓大禮堂),雲林縣大埤鄉北和村中山路8號,30,"23.6461093,120.4313745"
莿桐國中,雲林縣莿桐鄉莿桐村農校路1號,1895,"23.7508523,120.5081508"
莿桐鄉公所4樓禮堂,雲林縣莿桐鄉莿桐村和平路53號,75,"23.7610374,120.5024456"
饒平國小,雲林縣莿桐鄉饒平村饒平路1號,1202,"23.7776018,120.5225122"
莿桐國小,雲林縣莿桐鄉莿桐村中正路147號,1033,"23.756813,120.4980412"
榮村社區活動中心,雲林縣莿桐鄉埔子村榮村20之1號,42,"23.752736,120.512861"
育仁國小,雲林縣莿桐鄉甘厝村甘厝75號,1085,"23.759801,120.488975"
莿桐鄉立幼兒園,雲林縣莿桐鄉莿桐村中正路163號,533,"23.7574501,120.4971351"
淵明國中,雲林縣林內鄉林中村公園3號,375,"23.7654917,120.6063505"
林中國小,雲林縣林內鄉林中村公園4號,100,"23.7692838,120.6113599"
林內國小,雲林縣林內鄉林南村中正路111號,295,"23.7595593,120.6183715"
成功國小,雲林縣林內鄉坪頂村坪頂1號,70,"23.753956,120.638241"
林內國中,雲林縣林內鄉烏麻村長源路200號,205,"23.755755,120.595394"
九芎國小,雲林縣林內鄉九芎村文化路10號,250,"23.7442795,120.6025498"
重興國小,雲林縣林內鄉重興村重興15號,160,"23.76938,120.574817"
民生國小,雲林縣林內鄉烏塗村華興路1號,70,"23.7677141,120.5974343"
林中活動中心,雲林縣林內鄉林中村榮興路20號,30,"23.7692838,120.6113599"
湖本活動中心,雲林縣林內鄉湖本村三權路28號,30,"23.7266564,120.6228511"
九芎活動中心(一),雲林縣林內鄉九芎村中央路160號,50,"23.7470311,120.6011002"
九芎活動中心(二),雲林縣林內鄉九芎村中央路160-3號,80,"23.7470311,120.6011002"
二崙國民中學,雲林縣二崙鄉崙西村中正路88號,120,"23.7731376,120.4073139"
二崙國民小學,雲林縣二崙鄉崙東村中興路36號,86,"23.7722479,120.4145168"
來惠國民小學,雲林縣二崙鄉來惠村惠來路12號,63,"23.7678457,120.3984898"
三和國民小學,雲林縣二崙鄉三和村三和路17號,50,"23.7519295,120.4037408"
油車國民小學,雲林縣二崙鄉港後村60號,100,"23.8127559,120.3867834"
賜福宮,雲林縣二崙鄉田尾村12鄰92號,40,"23.7570339,120.4213592"
旭光國民小學,雲林縣二崙鄉大庄村酒姑路54號,41,"23.8048328,120.3653489"
永定國民小學,雲林縣二崙鄉永定村永定路238號,63,"23.7968948,120.4190184"
崙背鄉公所,雲林縣崙背鄉東明村行政街1號,75,"23.7620402,120.3591286"
崙背鄉立幼兒園,雲林縣崙背鄉南陽村大同路156號,300,"23.7578461,120.3456757"
崙背國中,雲林縣崙背鄉南陽村大成路91號,1000,"23.7576119,120.3489555"
崙背國小,雲林縣崙背鄉南陽村大同路154號,1000,"23.7580786,120.3467936"
東興國小,雲林縣崙背鄉羅厝村東興路1號,200,"23.7565248,120.3692395"
大有國小,雲林縣崙背鄉大有村大有路14號,300,"23.760867,120.305984"
豐榮國小,雲林縣崙背鄉豐榮村豐榮路21號,150,"23.7925326,120.3120054"
中和國小,雲林縣崙背鄉草湖村草湖路2號,80,"23.799374,120.331707"
陽明國小,雲林縣崙背鄉水尾村頂街1號,200,"23.7849001,120.3552609"
東明、西榮、南陽三村聯合活動中心,雲林縣崙背鄉西榮村民權路386號,300,"23.7601422,120.3546499"
三盛社區活動中心,雲林縣麥寮鄉三盛村仁德西路一段26號,130,"23.7977508,120.2649904"
霄仁雙厝生活館,雲林縣麥寮鄉瓦磘村霄仁8號,120,"23.752485,120.279709"
後安社區活動中心,雲林縣麥寮鄉後安村後安163號,120,"23.789872,120.2365565"
施厝社區活動中心,雲林縣麥寮鄉施厝村仁德東路502號,300,"23.7954315,120.2824156"
海豐社區活動中心,雲林縣麥寮鄉海豐村忠和62號,110,"23.76863,120.223698"
楊厝幸福食堂,雲林縣麥寮鄉海豐村永和58號,130,"23.7753615,120.2446492"
明禮國小活動中心,雲林縣麥寮鄉崙後村92號,120,"23.7733142,120.2714642"
崙後社區活動中心,雲林縣麥寮鄉崙後村沙崙後39-8號,120,"23.772859,120.26697"
麥寮鄉室內體適能中心,雲林縣麥寮鄉麥津村泰順路212號,650,"23.7522337,120.2556616"
麥寮國小活動中心,雲林縣麥寮鄉麥津村中山路260號,680,"23.7508672,120.2554594"
鎮南宮(香客大樓),雲林縣麥寮鄉麥豐村新興路27-6號,480,"23.7466164,120.2510024"
拱範宮(香客大樓),雲林縣麥寮鄉麥津村中正路3號,430,"23.7483576,120.2559857"
新吉社區活動中心,雲林縣麥寮鄉新吉村新吉69號之1,100,"23.807908,120.2758464"
雷厝社區活動中心,雲林縣麥寮鄉雷厝村雷厝62-2號,50,"23.806953,120.287888"
雷厝集會所,雲林縣麥寮鄉雷厝村雷厝122-66號,190,"23.806953,120.287888"
橋頭國小活動中心,雲林縣麥寮鄉橋頭村仁德路248號,380,"23.7976075,120.2730865"
興華國小活動中心,雲林縣麥寮鄉興華村興化1號,500,"23.7716475,120.2916524"
架子頭社區活動中心,雲林縣麥寮鄉興華村興華50-1號,180,"23.749886,120.293643"
中興社區活動中心,雲林縣麥寮鄉中興村許厝一街6號,90,"23.8104965,120.2108809"
社教園區,雲林縣麥寮鄉麥豐村自強路125號,2710,"23.7458373,120.2549477"
聚寶宮(香客大樓),雲林縣麥寮鄉麥豐村光大寮路36號,370,"23.7436319,120.2573631"
東勢國民小學(活動中心),雲林縣東勢鄉東南村東榮路29巷9號,1000,"23.6728846,120.2558139"
東勢國民中學(活動中心),雲林縣東勢鄉嘉隆村東榮路65號,467,"23.668028,120.257869"
安南國民小學(活動中心),雲林縣東勢鄉安南村安南路109號,200,"23.7047625,120.2487487"
東勢鄉賜安宮(香客大樓),雲林縣東勢鄉東南村四安路25號,115,"23.6743018,120.2545627"
東南社區活動中心,雲林縣東勢鄉東南村東榮路29-1號,81,"23.6728846,120.2558139"
東北社區活動中心,雲林縣東勢鄉東北村民權路110號,79,"23.693257,120.2570421"
嘉隆社區活動中心,雲林縣東勢鄉嘉隆村守密街51之1號,55,"23.6657009,120.2592536"
月眉社區活動中心,雲林縣東勢鄉月眉村月興路5號之1,38,"23.6833806,120.2841676"
復興社區活動中心,雲林縣東勢鄉復興村復興路2號,40,"23.6790125,120.2783333"
昌南社區活動中心,雲林縣東勢鄉昌南村昌南路119之2號,25,"23.6954273,120.2608839"
新坤社區活動中心,雲林縣東勢鄉新坤村新吉路5-5號,20,"23.715262,120.2510362"
安南社區活動中心,雲林縣東勢鄉安南村安南路2之2號,27,"23.7006815,120.2529493"
四美社區活動中心,雲林縣東勢鄉四美村四美路65-5號,40,"23.7222152,120.2442776"
龍潭社區活動中心,雲林縣東勢鄉龍潭村仁愛路43號,50,"23.6924194,120.2421213"
程海集會所活動中心,雲林縣東勢鄉程海村程海路56號,36,"23.6759552,120.2326062"
同安國小(風雨教室),雲林縣東勢鄉同安村同安路67號,85,"23.7112607,120.265335"
同安集會所活動中心,雲林縣東勢鄉同安村同安路150號,43,"23.7104987,120.2668783"
雲林縣褒忠鄉公所,雲林縣褒忠鄉中民村中正路451號,113,"23.6912172,120.3039398"
褒忠國中,雲林縣褒忠鄉埔姜村中勝路62號,94,"23.6996795,120.3098431"
褒忠國小,雲林縣褒忠鄉埔姜村中勝路72號,245,"23.7008531,120.3104712"
龍巖國小（含操場）,雲林縣褒忠鄉田洋村民生路28巷15號,561,"23.7223832,120.3071519"
潮厝國小,雲林縣褒忠鄉潮厝村潮厝96號,33,"23.715874,120.335183"
復興國小（含操場）,雲林縣褒忠鄉新湖村復興路71號,405,"23.7047688,120.2834513"
安海宮(香客大樓),雲林縣臺西鄉台西村民權路6巷2號,250,"23.700192,120.200424"
泉州國小,雲林縣臺西鄉牛厝村舊泉州20號,95,"23.681314,120.18885"
明聖宮(香客大樓),雲林縣臺西鄉溪頂村溪頂165-3號,220,"23.681448,120.18629"
進安府(香客大樓),雲林縣臺西鄉永豐村崙豐路65號,120,"23.7214618,120.2099195"
臺西國中學生活動中心,雲林縣臺西鄉海口村中山路408號,150,"23.7015509,120.1917626"
臺西國中操場,雲林縣臺西鄉海口村中山路408號,350,"23.7015509,120.1917626"
臺西國小操場,雲林縣臺西鄉台西村民權路9號,150,"23.7018894,120.198797"
崙豐國小操場,雲林縣臺西鄉永豐村崙豐路42號,150,"23.7200335,120.2096185"
尚德國小操場,雲林縣臺西鄉溪頂村溪頂12號,150,"23.681448,120.18629"
新興國小操場,雲林縣臺西鄉和豐村復興路53號,150,"23.7392584,120.2221407"
光華社區活動中心,雲林縣臺西鄉光華村光華63-55號,80,"23.691289,120.207104"
元長鄉公所大樓,雲林元長長南村元南路17號,243,"23.6428756,120.3197353"
元長國小,雲林元長長南村元西路76號,655,"23.6521915,120.3093145"
元長國中,雲林元長長南村元南路16號,624,"23.6455306,120.3162931"
山內國小,雲林元長山內村南山路3號,452,"23.6785187,120.3123781"
仁愛國小,雲林元長潭西村潭內路1號,227,"23.6412322,120.2893093"
仁德國小,雲林元長內寮村內寮路6號,379,"23.618229,120.347939"
和平國小,雲林元長子茂村子茂4號,163,"23.661569,120.330762"
忠孝國小,雲林元長龍岩村148號,624,"35.3662106,137.4437514"
信義國小,雲林元長五塊村北水8號,252,"23.6635417,120.2830007"
新生國小,雲林元長瓦磘村新生路11號,398,"23.6382774,120.3592242"
客厝國小,雲林元長頂寮村頂寮路11號,439,"23.631145,120.330054"
長南村長北村集會所,雲林元長長北村元北路32-20號,190,"23.654753,120.3140676"
四湖參天宮,雲林縣四湖鄉湖西村關聖路87號,944,"23.639044,120.226791"
四湖國小,雲林縣四湖鄉四湖村中山東路37號,265,"23.6359747,120.2285539"
飛沙國小,雲林縣四湖鄉飛沙村大同路26號,201,"23.6431345,120.1785946"
三崙國小,雲林縣四湖鄉崙南村延平南路18號,730,"23.6513449,120.1558631"
林厝寮順天府,雲林縣四湖鄉林東村中華路81號,25,"23.675532,120.179258"
三條崙海清宮,雲林縣四湖鄉崙北村海清路93號,300,"23.6576349,120.1534427"
四湖鄉立幼兒園,雲林縣四湖鄉羊調村中洋南路10-2號,142,"23.6390656,120.1978774"
四湖公所3樓禮堂,雲林縣四湖鄉湖西村中山西路44號,45,"23.6380363,120.2244064"
四湖鄉飛沙集會所避難收容場所,雲林縣四湖鄉飛沙村大同路47巷5-1號,46,"23.6416548,120.1803522"
四湖鄉避難收容場所,雲林縣四湖鄉湖西村中山西路44-1號,14,"23.6380363,120.2244064"
四湖鄉運動公園,雲林縣四湖鄉湖西村四湖鄉環湖西路旁(下寮段251-7地號),4000,"23.6340991,120.2252413"
第二老人文康中心,雲林縣口湖鄉下崙村福安路91號,150,"23.617489,120.161659"
金湖國小,雲林縣口湖鄉港東村民主路15號,390,"23.5739966,120.1542393"
台興國小,雲林縣口湖鄉台子村台興130號,140,"23.5617332,120.1421843"
興南國小,雲林縣口湖鄉埔南村外埔9號,225,"23.600018,120.1907705"
宜梧國中,雲林縣口湖鄉梧南村光明路1號,500,"23.5465957,120.1946485"
文光國小,雲林縣口湖鄉梧南村文光路100號,330,"23.5415795,120.1890569"
梧北活動中心,雲林縣口湖鄉梧北村6鄰復興路175號,45,"23.5494694,120.1901276"
崇文國小,雲林縣口湖鄉蚵寮村崇文路二段285號,250,"23.5749113,120.1775122"
頂湖國小,雲林縣口湖鄉頂湖村6鄰121號,160,"23.5999003,120.1791357"
文光國小過港分校,雲林縣口湖鄉過港村過港村119號,35,"23.571668,120.191856"
後厝社區活動中心,雲林縣口湖鄉後厝村8鄰109號,50,"23.5361171,120.1950093"
口湖國中,雲林縣口湖鄉湖東村文明路133巷20號,210,"23.5878264,120.1838258"
口湖國小,雲林縣口湖鄉湖東村文明路103巷46號,190,"23.587026,120.1836455"
梧南社區活動中心,雲林縣口湖鄉梧南村文光路56之1號,50,"23.544231,120.1899788"
口湖鄉公所,雲林縣口湖鄉湖東村中正路一段118號,80,"23.5827378,120.1858552"
埔北活動中心,雲林縣口湖鄉埔北村林圍路39-2號,40,"23.6135424,120.1906803"
金湖避難所,雲林縣口湖鄉港西村海豐路2-6號,40,"23.5753095,120.1483385"
成龍國小,雲林縣口湖鄉成龍村200之1號,105,"23.5552665,120.161817"
鄉海民宿,雲林縣口湖鄉下崙村中和路61號,15,"23.6209208,120.1627043"
誠正國小,雲林縣水林鄉蘇秦村蘇秦路1號,50,"23.6203578,120.2615492"
豐德宮（廣場）,雲林縣水林鄉蘇秦村海豐路56-1號,200,"23.6319202,120.2551804"
灣東社區活動中心,雲林縣水林鄉灣東村宏仁路40號,60,"23.6054875,120.2399545"
宏仁國小,雲林縣水林鄉灣東村宏仁路30號,50,"23.6043507,120.2415366"
水林鄉公所,雲林縣水林鄉水北村水林路12號,50,"23.5725741,120.245785"
水林國中,雲林縣水林鄉水北村水林路2號,80,"23.5727761,120.2480275"
水燦林國小,雲林縣水林鄉水北村水林路6號,80,"23.5744261,120.2465851"
水燦林國小（水林校區）,雲林縣水林鄉水北村文化路45號,80,"23.5739038,120.2457485"
大興國小,雲林縣水林鄉大溝村大溝路1號,50,"23.5654302,120.2117884"
溪墘社區活動中心,雲林縣水林鄉溪墘村溪墘厝41號,50,"23.537394,120.265195"
尖山國小,雲林縣水林鄉大山村大山路6號,50,"23.5537023,120.2195374"
文正國小,雲林縣水林鄉山腳村蕃東路1號,50,"23.5387414,120.2244064"
松北社區活動中心,雲林縣水林鄉松北村松東路24號,80,"23.5723224,120.244847"
蔦松藝術高中,雲林縣水林鄉松北村蔦松路1-1號,80,"23.5202908,120.2308838"
蔦松國小,雲林縣水林鄉松中村蔦松路213號,50,"23.5141025,120.230183"
中興國小,雲林縣水林鄉瓊埔村瓊埔路48號,50,"23.5145067,120.2101326"
瓊埔村集會所,雲林縣水林鄉瓊埔村瓊埔路83之10號,50,"23.5125103,120.2101575"
塭底村集會所,雲林縣水林鄉塭底村塭底村塭底路90號,30,"23.516765,120.201856"